integer#materialNr;string#art;string#manufacturer;string#storage
1916322;ALLOFIT ALLOCLASSIC SCHALE 50/HH/ 4244;Zimmer Germany GmbH;ZentralOP
1916311;ALLOFIT ALLOCLASSIC SCHALE 54/JJ 4246;Zimmer Germany GmbH;ZentralOP
1918395;ALLOFIT IT-SCHALE 50/HH 00875505000;Zimmer Germany GmbH;ZentralOP
1918396;ALLOFIT IT-SCHALE 52/II 00875505200;Zimmer Germany GmbH;ZentralOP
1030327;ALLOFIT PFANNE ZFR 46/FF  4242;Zimmer Germany GmbH;ZentralOP
1917050;ALLOFIT POLVERSCHLUSS M8 0100004000;Zimmer Germany GmbH;ZentralOP
1902330;ALLOFIT S SCHALE 52/II  4265;Zimmer Germany GmbH;ZentralOP
1023855;ALLOFIT SCHALE 52/II  4245;Zimmer Germany GmbH;ZentralOP
1916557;ALLOFIT SCHALE POLVERSCHL.48/GG 4243;Zimmer Germany GmbH;ZentralOP
1916825;ALLOFIT SCHALE POLVERSCHL.60MM 4249;Zimmer Germany GmbH;ZentralOP
1905829;ALLOFIT SCHALE ZFR  GR.56/KK  4247;Zimmer Germany GmbH;ZentralOP
1916447;ALLOFIT-S SCHALE 50/HH   4264;Zimmer Germany GmbH;ZentralOP
1613106;ALLOFIT-S SCHALE ZFR 48/GG  4263;Zimmer Germany GmbH;ZentralOP
1906138;ARR TITAN  D 48MM  58548-00;BREHM PETER;ZentralOP
1906574;ARR TITAN  D 50MM  58550-00;BREHM PETER;ZentralOP
1917864;ATT FEMUR CR ZEM  RE GR.6   150400206;Johnson & Johnson Medical GmbH;ZentralOP
1917866;ATT INLAY FB CR  GR.6 .8MM 151620608;Johnson & Johnson Medical GmbH;ZentralOP
1917865;ATT TIBIA  ZEM  FB GR.7   150600007;Johnson & Johnson Medical GmbH;ZentralOP
1906037;AUTOBL HÜFTSCHAFT STD ZEM 10,00 L85901;DePuy Orthopädie GmbH;ZentralOP
1905971;AUTOBL HÜFTSCHAFT STD ZEM 11,25 L85902;DePuy Orthopädie GmbH;ZentralOP
1906097;AUTOBL HÜFTSCHAFT STD ZEM 12,50   L85903;DePuy Orthopädie GmbH;ZentralOP
1906006;AUTOBL HÜFTSCHAFT STD ZEM 15,0  L85905;DePuy Orthopädie GmbH;ZentralOP
1907367;AUTOBL HÜFTSCHAFT STD ZEM 7,50  L85900;DePuy Orthopädie GmbH;ZentralOP
1906158;AUTOBL HÜFTSCHAFT ZEM LAT 10,00  L85911;DePuy Orthopädie GmbH;ZentralOP
1905959;AUTOBL HÜFTSCHAFT ZEM LAT 11,25  L85912;DePuy Orthopädie GmbH;ZentralOP
1905845;AUTOBL HÜFTSCHAFT ZEM LAT 7,50  L85910;DePuy Orthopädie GmbH;ZentralOP
1902282;AUTOBL.HÜFTSCHAFT ZEM STD 13,75 L85904;DePuy Orthopädie GmbH;ZentralOP
1908064;AUTOBL.HÜFTSCHAFT ZEM STD 16,25 L85906;DePuy Orthopädie GmbH;ZentralOP
1908646;BIOBALL  7,5° ADAPT. 12/14 XL HM30224;Merete Medical GmbH;ZentralOP
1918394;BIOLOX DELTA IT-EINS  II/36  00877501036;Zimmer Germany GmbH;ZentralOP
1916403;BIOLOX KOPF 12/14 36/0 M 00877503602;Zimmer Germany GmbH;ZentralOP
1916374;BIOLOX KOPF 12/14 36/-3,5 S 00877503601;Zimmer Germany GmbH;ZentralOP
1902228;BIOLOX KOPF 12/14 L 36/+3,5 00877503603;Zimmer Germany GmbH;ZentralOP
1911495;CEMEX INTERIMS HÜFTPROTHESE   SPC46/G;Merete Medical GmbH;ZentralOP
1912436;CERAMAX HÜFTKOPF12/14/32+1 K 136532310;DePuy Orthopädie GmbH;ZentralOP
1911877;CERAMAX HÜFTKOPF12/14/32+5 MTL 136532320;DePuy Orthopädie GmbH;ZentralOP
1912170;CERAMAX HÜFTKOPF12/14/32+9 L  136532330;DePuy Orthopädie GmbH;ZentralOP
1911107;CERAMAX HÜFTKOPF12/14/36+1,5 K 136536310;DePuy Orthopädie GmbH;ZentralOP
1913242;CERAMAX HÜFTKOPF12/14/36+8,5 L 136536330;DePuy Orthopädie GmbH;ZentralOP
1051667;CLS SPOT SCHAFT 125°/07.0 ZFR 0100295007;Zimmer Germany GmbH;ZentralOP
1916324;CLS SPOT SCHAFT 125°/08,0     0100295008;Zimmer Germany GmbH;ZentralOP
1902227;CLS SPOT SCHAFT 125°/09,0 ZFR 0100295009;Zimmer Germany GmbH;ZentralOP
1610417;CLS SPOT SCHAFT 125°/10   ZFR 0100295010;Zimmer Germany GmbH;ZentralOP
1916313;CLS SPOT SCHAFT 125°/11,25    0100295011;Zimmer Germany GmbH;ZentralOP
1610367;CLS SPOT SCHAFT 125°/12,5 ZFR 0100295012;Zimmer Germany GmbH;ZentralOP
1916564;CLS SPOT SCHAFT 125°/13,75    0100295013;Zimmer Germany GmbH;ZentralOP
1916953;CLS SPOT SCHAFT 125°/15   ZFR 0100295015;Zimmer Germany GmbH;ZentralOP
1916389;CLS SPOT SCHAFT 135°/07.0 ZFR 290039070;Zimmer Germany GmbH;ZentralOP
1610342;CLS SPOT SCHAFT 135°/08,0 ZFR 290039080;Zimmer Germany GmbH;ZentralOP
1614351;CLS SPOT SCHAFT 135°/09.0 ZFR 290039090;Zimmer Germany GmbH;ZentralOP
1916405;CLS SPOT SCHAFT 135°/10.0 ZFR 290039100;Zimmer Germany GmbH;ZentralOP
1051650;CLS SPOT SCHAFT 135°/11.25    290039112;Zimmer Germany GmbH;ZentralOP
1610375;CLS SPOT SCHAFT 135°/12,5 ZFR 290039125;Zimmer Germany GmbH;ZentralOP
1916390;CLS SPOT SCHAFT 135°/13.75ZFR 290039137;Zimmer Germany GmbH;ZentralOP
1610391;CLS SPOT SCHAFT 135°/15,0 ZFR 290039150;Zimmer Germany GmbH;ZentralOP
1918250;CLS SPOT SCHAFT 135°/6.0 ZFR 290039060;Zimmer Germany GmbH;ZentralOP
1918272;CRESCENT PEEK 30X7 9393007INT;Medtronic GmbH;ZentralOP
1918271;CRESCENT PEEK 30X9 9393009INT;Medtronic GmbH;ZentralOP
1917785;CRESCENT PEEK 36X10 9393610INT;Medtronic GmbH;ZentralOP
1917771;CRESCENT PEEK 36X8 9393608INT;Medtronic GmbH;ZentralOP
1917769;CRESCENT PEEK 36X9 9393609INT;Medtronic GmbH;ZentralOP
1917231;DUOKOPF SELFCENTERING 28/41  103541000;DePuy Orthopädie GmbH;ZentralOP
1905858;DUOKOPF SELFCENTERING 28/42  103542000;DePuy Orthopädie GmbH;ZentralOP
1905838;DUOKOPF SELFCENTERING 28/43  103543000;DePuy Orthopädie GmbH;ZentralOP
1905864;DUOKOPF SELFCENTERING 28/44  103544000;DePuy Orthopädie GmbH;ZentralOP
1906465;DUOKOPF SELFCENTERING 28/45  103545000;DePuy Orthopädie GmbH;ZentralOP
1906549;DUOKOPF SELFCENTERING 28/46  103546000;DePuy Orthopädie GmbH;ZentralOP
1905941;DUOKOPF SELFCENTERING 28/47  103547000;DePuy Orthopädie GmbH;ZentralOP
1905980;DUOKOPF SELFCENTERING 28/48  103548000;DePuy Orthopädie GmbH;ZentralOP
1905817;DUOKOPF SELFCENTERING 28/49  103549000;DePuy Orthopädie GmbH;ZentralOP
1906285;DUOKOPF SELFCENTERING 28/50  103550000;DePuy Orthopädie GmbH;ZentralOP
1907119;DUOKOPF SELFCENTERING 28/51  103551000;DePuy Orthopädie GmbH;ZentralOP
1905865;DUOKOPF SELFCENTERING 28/53  103553000;DePuy Orthopädie GmbH;ZentralOP
1906319;DUOKOPF SELFCENTERING 28/54  103554000;DePuy Orthopädie GmbH;ZentralOP
1902242;DUOKOPF SELFCENTERING 28/55  103555000;DePuy Orthopädie GmbH;ZentralOP
1910209;DUOKOPF SELFCENTERING 28/56  103556000;DePuy Orthopädie GmbH;ZentralOP
1911109;DURALOC APEX LOCHVERSCHL.NEU 124603000;DePuy Orthopädie GmbH;ZentralOP
1902331;DURASUL ALPH EINS NEUTR II/36 0100013709;Zimmer Germany GmbH;ZentralOP
1916824;DURASUL ALPH EINS NT 36MM 0100013713;Zimmer Germany GmbH;ZentralOP
1916404;DURASUL ALPH EINS NT JJ/36 0100013710;Zimmer Germany GmbH;ZentralOP
1916430;DURASUL ALPH EINS NT KK/36 0100013711;Zimmer Germany GmbH;ZentralOP
1917336;DURASUL ALPH EINS NT R 46FF  0100013206;Zimmer Germany GmbH;ZentralOP
1917406;DURASUL ALPH EINS ÜH R 56kKK 0100013511;Zimmer Germany GmbH;ZentralOP
1916312;DURASUL ALPHA EINS 32/JJ 0100013510;Zimmer Germany GmbH;ZentralOP
1902230;DURASUL ALPHA EINS NT 32/GG 0100013407;Zimmer Germany GmbH;ZentralOP
1916323;DURASUL ALPHA EINS NT 32/HH  0100013408;Zimmer Germany GmbH;ZentralOP
1916556;DURASUL ALPHA EINS ÜH 28/GG  0100013307;Zimmer Germany GmbH;ZentralOP
1916391;DURASUL ALPHA EINS ÜH 32/HH  0100013508;Zimmer Germany GmbH;ZentralOP
1902416;DURASUL ALPHA EINS ÜHÖ FF28 0100013306;Zimmer Germany GmbH;ZentralOP
1918400;DURASUL FL.PFANNE ZEM 46/32 0100324046;Zimmer Germany GmbH;ZentralOP
1916448;DURASUL FL.PFANNE ZEM 48/32 0100324048;Zimmer Germany GmbH;ZentralOP
1918057;DURASUL PFANNE ZEM 48/36  0595001050;Zimmer Germany GmbH;ZentralOP
1912605;ENDUR.HÜFTSCH.LANG ZEM.GR3/190 152122000;DePuy Orthopädie GmbH;ZentralOP
1917801;ENDURANT II AAA-BIF.PROTH ETBF2513C145EE;Medtronic GmbH;GefäßOP
1915731;ENDURANT II AAA-BIF.PROTH ETBF2516C124EE;Medtronic GmbH;GefäßOP
1916713;ENDURANT II AAA-BIF.PROTH ETBF2516C145EE;Medtronic GmbH;GefäßOP
1917033;ENDURANT II AAA-BIF.PROTH ETBF2516C166EE;Medtronic GmbH;GefäßOP
1916942;ENDURANT II AAA-BIF.PROTH ETBF2813C166EE;Medtronic GmbH;GefäßOP
1918208;ENDURANT II AAA-BIF.PROTH ETBF2816C124EE;Medtronic GmbH;GefäßOP
1915577;ENDURANT II AAA-BIF.PROTH ETBF2816C166EE;Medtronic GmbH;GefäßOP
1917935;ENDURANT II AAA-BIF.PROTH ETBF3216C166EE;Medtronic GmbH;GefäßOP
1916192;ENDURANT II AORT.PROTH ETUF2314C102EE;Medtronic GmbH;GefäßOP
1917800;ENDURANT II KO.IL.SCHENK ETLW1610C124EE;Medtronic GmbH;GefäßOP
1916191;ENDURANT II KO.IL.SCHENK ETLW1610C82EE;Medtronic GmbH;GefäßOP
1915580;ENDURANT II KO.IL.SCHENK ETLW1613C93EE;Medtronic GmbH;GefäßOP
1916251;ENDURANT II KO.IL.SCHENK ETLW1616C124EE;Medtronic GmbH;GefäßOP
1915730;ENDURANT II KO.IL.SCHENK ETLW1616C156EE;Medtronic GmbH;GefäßOP
1915579;ENDURANT II KO.IL.SCHENK ETLW1616C82EE;Medtronic GmbH;GefäßOP
1915517;ENDURANT II KO.IL.SCHENK ETLW1616C93EE;Medtronic GmbH;GefäßOP
1915597;ENDURANT II KO.IL.SCHENK ETLW1620C156EE;Medtronic GmbH;GefäßOP
1915729;ENDURANT II KO.IL.SCHENK ETLW1620C82EE;Medtronic GmbH;GefäßOP
1917172;ENDURANT II KO.IL.SCHENK ETLW1620C93EE;Medtronic GmbH;GefäßOP
1918220;ENDURANT II KO.IL.SCHENK ETLW1624C124EE;Medtronic GmbH;GefäßOP
1917210;ENDURANT OPEN WEB 20MM ETEW2020C82EE;Medtronic GmbH;GefäßOP
1917457;ENDURANT OPEN WEB 24MM ETEW2424C82EE;Medtronic GmbH;GefäßOP
1915454;FEMOR SEGM LINK KNIE GR.1 20MM15-2971/02;Link Waldemar GmbH & Co.;ZentralOP
1917946;FEMOR SEGMENT LINK  KNIEPROT 15-2973/01;Link Waldemar GmbH & Co.;ZentralOP
1918325;FITMORE HÜFT SCHAFT B  0100551205;Zimmer Germany GmbH;ZentralOP
1918417;FITMORE HÜFT SCHAFT B EXT.6   0100551306;Zimmer Germany GmbH;ZentralOP
1907399;GEF.PROTH 14MM/15 GELSOFT 631514P;VASCUTEK Deutschland GmbH;GefäßOP
1612447;GEF.PROTH 16x8/45 GELSOFT 631608P;VASCUTEK Deutschland GmbH;GefäßOP
1908334;GEF.PROTH 18MM/25 GELSOFT 632518P;VASCUTEK Deutschland GmbH;GefäßOP
1908807;GEF.PROTH 18x9/15+30 GELSOFT  631809P;VASCUTEK Deutschland GmbH;GefäßOP
1908081;GEF.PROTH 20x10/15+30 GELSOFT  632010P;VASCUTEK Deutschland GmbH;GefäßOP
1049657;GEF.PROTH 4-6MM/20CM EPTFE W20ST0406S;VASCUTEK Deutschland GmbH;GefäßOP
1918121;GEF.PROTH 6MM/40CM ACUSEAL ECH060040;GORE & ASSOCIATES GmbH;GefäßOP
1026313;GEF.PROTH 6MM/80 DISTAFLO MINI DFX8006SC;Bard C.R. GmbH;GefäßOP
1005462;GEF.PROTH 6MM/RS40/50CM PROP. HT064050;GORE & ASSOCIATES GmbH;GefäßOP
1910970;GEF.PROTH SEALPTFE 6MM/20CM  S2006S;VASCUTEK Deutschland GmbH;GefäßOP
1916853;GEF.PROTH SEALPTFE 6MM/30CM  S3006S;VASCUTEK Deutschland GmbH;GefäßOP
1909316;GEFAESSPROTH  10MM/15CM GELSOFT 631510P;VASCUTEK Deutschland GmbH;GefäßOP
1612158;GEFAESSPROTH  6MM/40CM GORE V06040L;GORE & ASSOCIATES GmbH;GefäßOP
1043198;GEFAESSPROTH  6MMX40CM S4006S SEAL;VASCUTEK Deutschland GmbH;GefäßOP
1915530;GEFAESSPROTH  SILVER HELIX 6/60 1108022;Braun B. Melsungen AG;GefäßOP
1611035;GEFAESSPROTH 4-6MM/30CM S30ST0406S TAPER;VASCUTEK Deutschland GmbH;GefäßOP
1614906;GEFAESSPROTH 4-6MM/40CM W40T0406S;VASCUTEK Deutschland GmbH;GefäßOP
1910440;GEFAESSPROTH 6MM/40 RAPIDAX VAG40X6L;VASCUTEK Deutschland GmbH;GefäßOP
1903206;GEFAESSPROTH 7MM/70CM RRT07070070L;GORE & ASSOCIATES GmbH;GefäßOP
1903519;GEFAESSPROTH ANTIMIKROB 8MM/R15/40CM;INTERVASCULAR GmbH;GefäßOP
1611720;GEFAESSPROTH BIFUR 14X7 GELSOFT 631407P;VASCUTEK Deutschland GmbH;GefäßOP
1029307;GEFAESSPROTH DV 18MM X 25CM;VASCUTEK Deutschland GmbH;GefäßOP
1614781;GEFAESSPROTH DV 20MM/25   632520P;VASCUTEK Deutschland GmbH;GefäßOP
1029284;GEFAESSPROTH GELSOFT 10MM/30CM 633010P;VASCUTEK Deutschland GmbH;GefäßOP
1907411;GEFAESSPROTH PLUS 16MM/15CM 631516P;VASCUTEK Deutschland GmbH;GefäßOP
1615168;GEFAESSPROTH PTFE 6MM/10CM  R06010;LeMaitre Vascular GmbH;GefäßOP
1909725;GEFAESSPROTH PTFE 6MM/50/30  T06050C30;LeMaitre Vascular GmbH;GefäßOP
1913895;GEFAESSPROTH PTFE 6MM/80  T06080C80;LeMaitre Vascular GmbH;GefäßOP
1915894;GEFAESSPROTH S10X06  MAXIFLO WRAP S1006;VASCUTEK Deutschland GmbH;GefäßOP
1903205;GEFAESSPROTH TW  6MM/40CM VT06040L;GORE & ASSOCIATES GmbH;GefäßOP
1614344;GEFAESSPROTH TW  8/40/R30 RRT08030040L;GORE & ASSOCIATES GmbH;GefäßOP
1614633;GEFAESSPROTH TW 6MM/10CM VT06010L;GORE & ASSOCIATES GmbH;GefäßOP
1613668;GEFAESSPROTH TW 6MM/60/60 RRT06060060L;GORE & ASSOCIATES GmbH;GefäßOP
1909160;GEFAESSPROTH TW 6MM/60/70 RRT06060070L;GORE & ASSOCIATES GmbH;GefäßOP
1911696;GEFAESSPROTH TW CARBO 6MM/10 10S06C;Bard C.R. GmbH;GefäßOP
1613338;GEF-PROTH TW 6/RS60/70CM PROP. HT066070;GORE & ASSOCIATES GmbH;GefäßOP
1906753;GERADSCHAFT LAT  GR.10  350039100;Zimmer Germany GmbH;ZentralOP
1917513;HALSTEIL MASSIV 126°/35MM  158504/26;Link Waldemar GmbH & Co.;ZentralOP
1917966;HALSTEIL MASSIV 135°/35MM  158504/35;Link Waldemar GmbH & Co.;ZentralOP
1912365;HI-LUBR.DYSPL.3-05/28 0030878/75001066;Smith & Nephew GmbH;ZentralOP
1912555;HI-LUBR.SCHALE ZF GR.4 75001029(0030784);Smith & Nephew GmbH;ZentralOP
1912364;HI-LUBR.SCHALE ZF GR.5 75001030(0030785);Smith & Nephew GmbH;ZentralOP
1912244;HI-LUBR.SCHALE ZF GR.6/0030786/75001031;Smith & Nephew GmbH;ZentralOP
1912242;HI-LUBRICER DYSPL. 6-11/32 75001067;Smith & Nephew GmbH;ZentralOP
1912354;HI-LUBRICER-SCHALE ZF GR. 7 75001032;Smith & Nephew GmbH;ZentralOP
1913417;HI-LUBRICER-SCHALE ZF GR. 8 75001033;Smith & Nephew GmbH;ZentralOP
1909187;HSM 5156  VERITY ADX XL SR;St. Jude Medical GmbH;Kardiologie
1905620;HSM 5356  VERITY ADX XL DR;St. Jude Medical GmbH;Kardiologie
1917435;HSM 60J177-426 INGENIO DR EL MRI;Boston Scientific Medizintechnik Gm;Kardiologie
1918282;HSM 60J177-427 INGENIO DR EL MRI;Boston Scientific Medizintechnik Gm;Kardiologie
1907176;HSM ADAPTA  IS-1DR 2-KAMMER  ADDR01;Medtronic GmbH;Kardiologie
1913928;HSM ELEKT. 1888TC 58CM  50010706;St. Jude Medical GmbH;Kardiologie
1916992;HSM ELEKT. 2088TC TENDRIL STS 52 CM;St. Jude Medical GmbH;Kardiologie
1918094;HSM ELEKT. 2088TC TENDRIL STS 58 CM;St. Jude Medical GmbH;Kardiologie
1913186;HSM ELEKT. ATTAIN ABILITY 429688;Medtronic GmbH;Kardiologie
1917425;HSM ELEKT. NAYAMED BIP  NPX10152;NayaMed International S.A.;Kardiologie
1917384;HSM ELEKT. NAYAMED BIP  NPX10158;NayaMed International S.A.;Kardiologie
1917314;HSM ELEKT. NAYAMED VENT NPX10258;NayaMed International S.A.;Kardiologie
1906855;HSM ELEKTR. 4076-52 CAPS FIX NOV 52CM;Medtronic GmbH;Kardiologie
1902946;HSM ELEKTR. 4076-58 LEAD MDT US MKT;Medtronic GmbH;Kardiologie
1914804;HSM ENSURA MRI  2-KAM   EN1DR01;Medtronic GmbH;Kardiologie
1917607;HSM MYCARELINK PATIENTENMONITOR 24950D;Medtronic GmbH;Kardiologie
1917315;HSM NAYAMED IPG DR  IS-1  NPX1DR;NayaMed International S.A.;Kardiologie
1917313;HSM NAYAMED IPG SR IS-1 NPX1SR;NayaMed International S.A.;Kardiologie
1910979;HSM PM2136 SUSTAIN XL DR  (VICTORY 5816);St. Jude Medical GmbH;Kardiologie
1918092;HSM PM2162(2160)  ENDURITY  DR 2-KAM;St. Jude Medical GmbH;Kardiologie
1910465;HSM RELIA SR 1-K.MIT ELEKTR.IS1 RESR01;Medtronic GmbH;Kardiologie
1917606;HSM REVEAL LINQ   LNQ11;Medtronic GmbH;Kardiologie
1913100;HSM SYNCRA CRT-P 3-KAM INKL.ELEK C2TR01;Medtronic GmbH;Kardiologie
1907209;HÜFTK.COCRMO 32/14XL  030-3203;Smith & Nephew GmbH;ZentralOP
1917300;HÜFTKO.COCR GR. L 36/+4/12/14/0101012367;Zimmer Germany GmbH;ZentralOP
1038019;HÜFTKOPF BIOLOX 12/14 28/1,5 K 9111121;DePuy Orthopädie GmbH;ZentralOP
1049343;HÜFTKOPF BIOLOX 12/14 28+5,0  M  9111122;DePuy Orthopädie GmbH;ZentralOP
1905960;HÜFTKOPF BIOLOX 12/14 28+8,5  M  9111123;DePuy Orthopädie GmbH;ZentralOP
1918318;HÜFTKOPF BIPOL A.SCHALE 44  612700-44;Zimmer Germany GmbH;ZentralOP
1918354;HÜFTKOPF BIPOL A.SCHALE 46  612700-46;Zimmer Germany GmbH;ZentralOP
1918368;HÜFTKOPF BIPOL A.SCHALE 48  612700-48;Zimmer Germany GmbH;ZentralOP
1918317;HÜFTKOPF BIPOL EINS 28/GR.42   612728-42;Zimmer Germany GmbH;ZentralOP
1918355;HÜFTKOPF BIPOL EINS 28/GR.46   612728-46;Zimmer Germany GmbH;ZentralOP
1918369;HÜFTKOPF BIPOL EINS 32/GR.46   612732-46;Zimmer Germany GmbH;ZentralOP
1916396;HÜFTKOPF COCR 12/14 32XL  75099616;Smith & Nephew GmbH;ZentralOP
1912942;HÜFTKOPF COCRMO 14/28 XL0302803/75030686;Smith & Nephew GmbH;ZentralOP
1906542;HÜFTKOPF COCRMO 32/14 GR. S 75030805;Smith & Nephew GmbH;ZentralOP
1913414;HÜFTKOPF COCRMO 32/14 L  75030834;Smith & Nephew GmbH;ZentralOP
1915063;HÜFTKOPF COCRMO 32/14 M  75030835;Smith & Nephew GmbH;ZentralOP
1912243;HÜFTKOPF COCRMO 32/14 XL 75030839;Smith & Nephew GmbH;ZentralOP
1908488;HÜFTKOPF COCRMO 32/14XXL75030784(0303204;Smith & Nephew GmbH;ZentralOP
1915358;ICD 1211-36Q CURRENT +VR ICD  1-KAMMER;St. Jude Medical GmbH;Kardiologie
1915754;ICD 1277-36Q ELLIPSE VRICD_B_US;St. Jude Medical GmbH;Kardiologie
1914364;ICD CARDIA CRT-ICD D384TRG 3-KAMMER;Medtronic GmbH;Kardiologie
1914375;ICD CARDIA D384DRG   2-KAMMER;Medtronic GmbH;Kardiologie
1914519;ICD CARDIA D384VRG    ICD 1-KAMMER;Medtronic GmbH;Kardiologie
1905359;ICD CD1377-36Q ELLIPSE VR DF.4 100096848;St. Jude Medical GmbH;Kardiologie
1918093;ICD CD3367-40QC QUADRA ASSURA ICD  DF 4*;St. Jude Medical GmbH;Kardiologie
1917681;ICD CD3371-40Q QUADRA ASSURA MP DF 4;St. Jude Medical GmbH;Kardiologie
1687514;ICD DEFI-ELEKT. 694765 SPRINT  TRIPOLAR;Medtronic GmbH;Kardiologie
1917311;ICD ELEKT. NAYAMED DF4 NDX40162;NayaMed International S.A.;Kardiologie
1917686;ICD ELEKT. NAYAMED IS-1/DF1 NDX10165;NayaMed International S.A.;Kardiologie
1917773;ICD ELEKT. PROTEGO MRI S-65  394099;Biotronik Vertriebs GmbH & Co. KG;Kardiologie
1917875;ICD ELEKT. PROTEGO MRI S-75  394100;Biotronik Vertriebs GmbH & Co. KG;Kardiologie
1911654;ICD ELEKTR. 6935-65  SPRINT QUAT SEC S;Medtronic GmbH;Kardiologie
1915007;ICD ELEKTR. 7122Q/65CM DURATA;St. Jude Medical GmbH;Kardiologie
1917754;ICD IFORIA 5 VR-T PROMRI DF4 1-K  397270;Biotronik Vertriebs GmbH & Co. KG;Kardiologie
1917956;ICD IFORIA 7 HF-T DF4  (390062) 397235;Biotronik Vertriebs GmbH & Co. KG;Kardiologie
1917312;ICD NAYAMED DR DF-1  NDX1DR;NayaMed International S.A.;Kardiologie
1917318;ICD NAYAMED VR DF-1  NDX1VR;NayaMed International S.A.;Kardiologie
1917310;ICD NAYAMED VR DF-4  NDX4VR;NayaMed International S.A.;Kardiologie
1915350;ICD PROTECTA CRT-D D364TRM 3-KAMMER;Medtronic GmbH;Kardiologie
1916634;ICD VIVA QUADXT CRT-ICD DTBA2QQ 3-KAMMER;Medtronic GmbH;Kardiologie
1917087;ICD VIVA XT  CRT-ICD DTBA2D4 3-KAMMER;Medtronic GmbH;Kardiologie
1670114;IPA SCHAFT ZEM LI GR. 3 75001131/0061317;Smith & Nephew GmbH;ZentralOP
1907420;IPA-SCHAFT ZEM  RE  GR.02 75001128;Smith & Nephew GmbH;ZentralOP
1906470;IPA-SCHAFT ZEM  RE GR.0(0061310)75001126;Smith & Nephew GmbH;ZentralOP
1917323;IPA-SCHAFT ZEM RE GR.1  75001125/0061309;Smith & Nephew GmbH;ZentralOP
1917381;ITOTAL CR LEFT KNEE    0329324;Conformis Europe GmbH;ZentralOP
1918104;KAM-TITAN KNIEARTHRODESENM. LI 98180-100;BREHM PETER;ZentralOP
1916363;KUGELK.KERAM.28/14M BIOLOX75004170/16152;Smith & Nephew GmbH;ZentralOP
1912603;KUGELK.KERAMIK 32/14 BIOL.75004173/16162;Smith & Nephew GmbH;ZentralOP
1906083;KUGELKOPF BIOLOX 32 12/14 GR K  59036-04;BREHM PETER;ZentralOP
1670668;KUGELKOPF BIOLOX 32 12/14 GR L  59036-06;BREHM PETER;ZentralOP
1905826;KUGELKOPF BIOLOX 32 12/14 GR M  59036-05;BREHM PETER;ZentralOP
1912493;KUGELKOPF KER.28/14L BIOL.16153/75004171;Smith & Nephew GmbH;ZentralOP
1913120;KUGELKOPF KER.32/14L BIOL.16163/75004174;Smith & Nephew GmbH;ZentralOP
1913018;KUGELKOPF KER.32/14S BIOL.75004172/16161;Smith & Nephew GmbH;ZentralOP
1905808;KUGELKOPF KERAM.28/14SBIOL16151/75004169;Smith & Nephew GmbH;ZentralOP
1917510;KUPPLUNG Z. FEM.ERSATZ KURZ 158522/28;Link Waldemar GmbH & Co.;ZentralOP
1917413;LINK MODUL ROT KNIEG  15-2816/11;Link Waldemar GmbH & Co.;ZentralOP
1906397;LINK MODUL ROT KNIEG  15-2817/12;Link Waldemar GmbH & Co.;ZentralOP
1912277;LINK MODUL ROT KNIEG  15-2818/11;Link Waldemar GmbH & Co.;ZentralOP
1912328;LINK MODUL ROT KNIEG  15-2818/12;Link Waldemar GmbH & Co.;ZentralOP
1914309;LINK MODUL ROT KNIEG MTL RE 15-2817/11;Link Waldemar GmbH & Co.;ZentralOP
1917235;LPS FLEX  PLUG 00-5960-099-00;Zimmer Germany GmbH;ZentralOP
1916400;LPS-FLEX TIV FEMUR E-R 00-5968-015-52;Zimmer Germany GmbH;ZentralOP
1917233;LPS-FLEX TIV FEMUR L  00-5968-015-51;Zimmer Germany GmbH;ZentralOP
1917745;M6-C CERVICAL DISC 6MM L CDL-627;Spinal Kinetics GmbH;ZentralOP
1917758;M6-C CERVICAL DISC 7MM L CDL-727;Spinal Kinetics GmbH;ZentralOP
1917919;M6-L LUMBAR DISC 10MM L  LDL-1010;Spinal Kinetics GmbH;ZentralOP
1917884;MAMMA-IMPL OPTICON MMP   30645-130;POLYTECH Health & Aesthetics GmbH;GynOP
1917378;MAMMA-IMPL REPLICON MHS   30736-550;POLYTECH Health & Aesthetics GmbH;ZentralOP
1917818;MAMMA-IMPL REPLICON MMS   30735-125M;POLYTECH Health & Aesthetics GmbH;GynOP
1917817;MAMMA-IMPL REPLICON MMS   30735-150;POLYTECH Health & Aesthetics GmbH;GynOP
1917356;MAMMA-IMPL REPLICON MMS   30735-280;POLYTECH Health & Aesthetics GmbH;ZentralOP
1917357;MAMMA-IMPL REPLICON MMS   30735-320;POLYTECH Health & Aesthetics GmbH;GynOP
1917360;MAMMA-IMPL REPLICON MMS   30735-350;POLYTECH Health & Aesthetics GmbH;GynOP
1917450;MAMMA-IMPL REPLICON MMS 30735-170(KONSI);POLYTECH Health & Aesthetics GmbH;ZentralOP
1916604;MAMMA-IMPLANT TMS GR. 165R  20745-165;POLYTECH Health & Aesthetics GmbH;GynOP
1005783;MAMMA-IMPLANT TMS GR. 280GR  20735-280;POLYTECH Health & Aesthetics GmbH;ZentralOP
1917447;MAMMAIMPLANTAT 210ML   30745-210 (KONSI);POLYTECH Health & Aesthetics GmbH;ZentralOP
1911066;MAMMAIMPLANTAT 320GR  20635-320;POLYTECH Health & Aesthetics GmbH;ZentralOP
1911553;MAMMAIMPLANTAT 355GR 20635-355;POLYTECH Health & Aesthetics GmbH;GynOP
1917464;MAMMAIMPLANTAT 445ML   30745-445 (KONSI);POLYTECH Health & Aesthetics GmbH;GynOP
1911939;MAMMAIMPLANTAT HOCH 420GR 20646420;POLYTECH Health & Aesthetics GmbH;GynOP
1043105;MAMMAIMPLANTAT SHORT 270ML 20644-270;POLYTECH Health & Aesthetics GmbH;GynOP
1916093;MAMMAIMPLANTAT THP 420ML  20646-420M;POLYTECH Health & Aesthetics GmbH;GynOP
1613056;MAMMAPROTH REPLICON MHS HIGH 30736-445;POLYTECH Health & Aesthetics GmbH;ZentralOP
1916717;MAMMA-PROTH TMS  220GR  20735-220;POLYTECH Health & Aesthetics GmbH;ZentralOP
1917512;MEGASYSTEM-C SCHAFT 14/130 ZEM 15852342;Link Waldemar GmbH & Co.;ZentralOP
1917964;MEGASYSTEMMODSCHAFT KUP12MM15-8524/40;Link Waldemar GmbH & Co.;ZentralOP
1905818;METALLHÜFTKOPF 12/14 28+1,5   136511000;DePuy Orthopädie GmbH;ZentralOP
1052312;METALLHÜFTKOPF 12/14 28+12 136514000;DePuy Orthopädie GmbH;ZentralOP
1610466;METALLHÜFTKOPF 12/14 28+5  136512000;DePuy Orthopädie GmbH;ZentralOP
1052213;METALL-HÜFTKOPF 12/14 28+8,5  136513000;DePuy Orthopädie GmbH;ZentralOP
1911470;METALL-HÜFTKOPF 12/14 32+13  136524000;DePuy Orthopädie GmbH;ZentralOP
1911537;METALL-HÜFTKOPF 12/14 32+17 136525000;DePuy Orthopädie GmbH;ZentralOP
1903554;METALL-HÜFTKOPF 12/14 32+5,0 136522000;DePuy Orthopädie GmbH;ZentralOP
1913555;METALL-HÜFTKOPF 12/14 32+9  136523000;DePuy Orthopädie GmbH;ZentralOP
1911510;MODSCHAFT Z MO KNIEPROT 120MM 15-2950/04;Link Waldemar GmbH & Co.;ZentralOP
1911511;MODSCHAFT Z MO KNIEPROT 135MM 15-2950/05;Link Waldemar GmbH & Co.;ZentralOP
1912275;MODSCHAFT Z MO KNIEPROT 160MM 15-2950/06;Link Waldemar GmbH & Co.;ZentralOP
1912462;MODSCHAFT Z MO KNIEPROT 95MM 15-2950/03;Link Waldemar GmbH & Co.;ZentralOP
1915931;MRP-TITAN  GR M   60902-02;BREHM PETER;ZentralOP
1917500;MRP-TITAN PROTHESENSCHAFT ZEMFR60916-01;BREHM PETER;ZentralOP
1918103;MRP-TITAN PROTHESENSCHAFT ZEMFR60917-02;BREHM PETER;ZentralOP
1918105;MRP-TITAN PROTHESENSCHAFT ZEMFR60919-03;BREHM PETER;ZentralOP
1918323;MRP-TITAN PROTHESENSCHAFT ZEMFR61216-01;BREHM PETER;ZentralOP
1908538;MÜLLER GER.SCHAFT ZEM 10,0 350029100;Zimmer Germany GmbH;ZentralOP
1004205;MÜLLER-PFANNE 48X32MM  5544800;BREHM PETER;ZentralOP
1610383;MÜLLER-PROTH. LAT 12/14 GR.10 60812-05;BREHM PETER;ZentralOP
1909292;MÜLLER-SCHAFT AVENIR GR.4  0106010004;Zimmer Germany GmbH;ZentralOP
1917544;NG00-5750-014-01 CR-FLEX FEM ZEM D-L;Zimmer Germany GmbH;ZentralOP
1917489;NG00-5750-014-02 CR-FLEX FEM ZEM D-R;Zimmer Germany GmbH;ZentralOP
1918257;NG00-5750-015-01 CR-FLEX FEM ZEM E-L;Zimmer Germany GmbH;ZentralOP
1917261;NG00-5750-015-02 CR-FLEX FEM.ZEM/E/RE;Zimmer Germany GmbH;ZentralOP
1918258;NG00-5750-016-01 CR-FLEX FEM.ZEM/F/LI;Zimmer Germany GmbH;ZentralOP
1917295;NG00-5750-016-02 CR-FLEX FEM.ZEM/F/RE;Zimmer Germany GmbH;ZentralOP
1917350;NG00-5750-017-02 CR-FLEX FEM ZEM/G/RE;Zimmer Germany GmbH;ZentralOP
1917831;NG00-5764-014-51  FL.GEND.FEM.ZEM.LI  D;Zimmer Germany GmbH;ZentralOP
1917734;NG00-5764-015-51  FL.GEND.FEM.ZEM.LI  E;Zimmer Germany GmbH;ZentralOP
1917479;NG00-5764-015-52  FL.GEND.FEM.ZEM.RE  E;Zimmer Germany GmbH;ZentralOP
1917408;NG00-5764-016-51LPS FL.GEND.FEM.ZEM.LI.F;Zimmer Germany GmbH;ZentralOP
1918246;NG00-5880-004-00 RHK KNIE TIB PL  4;Zimmer Germany GmbH;ZentralOP
1918249;NG00-5880-015-02 RHK KNIE FEM E RE;Zimmer Germany GmbH;ZentralOP
1918245;NG00-5880-050-12 RHK KNIE GLEITFL E12;Zimmer Germany GmbH;ZentralOP
1918107;NG00-5950-014-01 CR-FLEX PREC.FEM.D-LT;Zimmer Germany GmbH;ZentralOP
1917405;NG00-5950-014-02 CR-FLEX PREC.FEM.D-RT;Zimmer Germany GmbH;ZentralOP
1917391;NG00-5950-015-01 CR-FLEX PREC.FEM.E-LT;Zimmer Germany GmbH;ZentralOP
1917306;NG00-5950-015-02 CR-FLEX PREC.FEM.E-RT;Zimmer Germany GmbH;ZentralOP
1917269;NG00-5950-016-01 CR-FLEX PREC.FEM.F-LT;Zimmer Germany GmbH;ZentralOP
1917400;NG00-5950-016-02 CR-FLEX PREC.FEM.F-RT;Zimmer Germany GmbH;ZentralOP
1917302;NG00-5950-017-01 CR-FLEX PREC.FEM.G-LT;Zimmer Germany GmbH;ZentralOP
1917419;NG00-5950-017-02 CR-FLEX PREC.FEM.G-RT;Zimmer Germany GmbH;ZentralOP
1917294;NG00-5952-030-10 PRO XLPE CR 3-4/YEL/10;Zimmer Germany GmbH;ZentralOP
1917305;NG00-5952-030-12 PRO XLPE CR 3-4/YEL/12;Zimmer Germany GmbH;ZentralOP
1917266;NG00-5952-040-10 PRO XLPE CR 5-6/GRN/10;Zimmer Germany GmbH;ZentralOP
1917481;NG00-5952-040-12 CR PRO FEM C,H 5-6/12;Zimmer Germany GmbH;ZentralOP
1917779;NG00-5952-040-14 CR PRO FEM C,H 5-6/14;Zimmer Germany GmbH;ZentralOP
1917351;NG00-5952-050-10 CR PRO FEM C,H 7-10/10;Zimmer Germany GmbH;ZentralOP
1917852;NG00-5962-030-10 PROLONG LPS FLEX;Zimmer Germany GmbH;ZentralOP
1916411;NG00-5962-032-10 LPS FLEX PROL ART SURF;Zimmer Germany GmbH;ZentralOP
1916399;NG00-5962-032-12 LPS-FLEX PROL INL  3-4;Zimmer Germany GmbH;ZentralOP
1917174;NG00-5962-040-10 LPS FLEX  PROL;Zimmer Germany GmbH;ZentralOP
1917836;NG00-5964-014-51 LPSFLX FEM ZEM LI GR. D;Zimmer Germany GmbH;ZentralOP
1918410;NG00-5964-015-51 LPSFLX FEM ZEM LI GR. E;Zimmer Germany GmbH;ZentralOP
1918206;NG00-5964-016-51 LPSFLX FEM ZEM LI GR. F;Zimmer Germany GmbH;ZentralOP
1917834;NG00-5964-030-10  LPS-FLEX CD3-4 GR.10;Zimmer Germany GmbH;ZentralOP
1917833;NG00-5964-032-10  LPS-FLEX EF3-4 GR.10;Zimmer Germany GmbH;ZentralOP
1917733;NG00-5964-032-14  LPS-FLEX EF3-4 GR.14;Zimmer Germany GmbH;ZentralOP
1918416;NG00-5964-040-10  LPS-FLEX EF5-6 GR.10;Zimmer Germany GmbH;ZentralOP
1917743;NG00-5964-040-14  LPS-FLEX EF5-6 GR.14;Zimmer Germany GmbH;ZentralOP
1917407;NG00-5964-041-14LPS-FLEX GLEITF.CD5-6/14;Zimmer Germany GmbH;ZentralOP
1918062;NG00-5968-014-52 LPS-FLEX TIV FEM D-R;Zimmer Germany GmbH;ZentralOP
1918065;NG00-5980-027-02 TIBIA ZEM.GESCH.2 MICRO;Zimmer Germany GmbH;ZentralOP
1917385;NG00-5980-037-01 TIBIA ZEM.GESCH.3 STD;Zimmer Germany GmbH;ZentralOP
1916398;NG00-5980-037-02 TIBIA ZEM.GESCH.4 STD;Zimmer Germany GmbH;ZentralOP
1917175;NG00-5980-047-01 TIBIA ZEM.GESCH.5 STD;Zimmer Germany GmbH;ZentralOP
1917267;NG00-5980-047-02 TIBIA ZEM.GESCH.6 STD;Zimmer Germany GmbH;ZentralOP
1917352;NG00-5980-057-01 TIBIA ZEM.GESCH.7 STD;Zimmer Germany GmbH;ZentralOP
1917468;NG00-5980-057-02 TIBIA ZEM.GESCH.8 STD;Zimmer Germany GmbH;ZentralOP
1917330;NG00-5988-004-26 LCCK BLOCK5 GR.4 HALBBR;Zimmer Germany GmbH;ZentralOP
1918143;NG00-5988-005-26 BLOCK GR.5 HALB BR.;Zimmer Germany GmbH;ZentralOP
1917331;NG00-5988-006-27 LCCK BLOCK10GR.6 HALBBR;Zimmer Germany GmbH;ZentralOP
1917329;NG00-5988-010-10 SCHAFTVERL.GERAD.10X145;Zimmer Germany GmbH;ZentralOP
1918247;NG00-5988-010-12 SCH.VERL GER 12X145MM;Zimmer Germany GmbH;ZentralOP
1918141;NG00-5988-010-13 SCH.VERL GER 13X145MM;Zimmer Germany GmbH;ZentralOP
1918142;NG00-5988-010-14 SCH.VERL GER 14X145MM;Zimmer Germany GmbH;ZentralOP
1918248;NG00-5988-012-12 SCHAFTVERL.GER.12,7X75;Zimmer Germany GmbH;ZentralOP
1917301;NG00-5988-012-15 SCHAFTVERL.GERADE.15X75;Zimmer Germany GmbH;ZentralOP
1918135;NG00-5990-036-10 LCCK F.BL. FEM GR.F 5MM;Zimmer Germany GmbH;ZentralOP
1918137;NG00-5994-016-91 LCCK FEM GR.F LI;Zimmer Germany GmbH;ZentralOP
1918139;NG00-5994-040-10 LCCK GL.FL10MM FEM E/F;Zimmer Germany GmbH;ZentralOP
1918064;NG90-5970-021-10 CR ARTSURF 12/10/PURPLE;Zimmer Germany GmbH;ZentralOP
1917262;NG90-5970-030-10 CR GLEITFL.3-4/GELB/10;Zimmer Germany GmbH;ZentralOP
1917263;NG90-5970-030-12 CR GLEITFL.3-4/GELB/12;Zimmer Germany GmbH;ZentralOP
1917658;NG90-5970-040-10 CR GLEITFL.5-6/GRÜN/10;Zimmer Germany GmbH;ZentralOP
1917354;NG90-5970-040-12 CR GLEITFL.5-6/GRÜN/12;Zimmer Germany GmbH;ZentralOP
1917303;NG90-5970-040-17 CR GLEITFL.5-6/GRÜN/17;Zimmer Germany GmbH;ZentralOP
1917703;NG90-5970-050-10 CR GLEITFL.7-10/BLAU/10;Zimmer Germany GmbH;ZentralOP
1917469;NG90-5970-050-14 CR GLEITFL.7-10/BLAU/14;Zimmer Germany GmbH;ZentralOP
1918200;OBELISC ANSATZ 20MM WINKEL 0° CS2925-00;Ulrich GmbH & Co.KG;ZentralOP
1914196;OBELISC ANSATZ 24MM WINKEL 5° CS2926-05;Ulrich GmbH & Co.KG;ZentralOP
1914368;OBELISC ANSATZ 26MM WINKEL 0° CS2930-00;Ulrich GmbH & Co.KG;ZentralOP
1917137;OBELISC ZENTRALELEM H17-23 CS2920-17;Ulrich GmbH & Co.KG;ZentralOP
1918055;OBELISC ZENTRALELEM H20-28 CS2920-20;Ulrich GmbH & Co.KG;ZentralOP
1915845;OBELISC ZENTRALELEM H76-132 CS2920-76;Ulrich GmbH & Co.KG;ZentralOP
1917660;OMNIFLOW II  AV-STUNT PROTHESE  741-645;LAmed GmbH;GefäßOP
1917725;PEEK ZWI.WIRBEL.IMPL 18X16X4  6211804;Medtronic GmbH;ZentralOP
1917684;PEEK ZWI.WIRBEL.IMPL 18X16X5  6211805;Medtronic GmbH;ZentralOP
1614237;PFANNENDACHSCHALE TITAN 50MM  975049;Zimmer Germany GmbH;ZentralOP
1909693;PFC FEMUR KE PORO LI GR.5 940015;DePuy Orthopädie GmbH;ZentralOP
1915033;PFC SIG CVD 5MRAD 2/8MM 158111108;DePuy Orthopädie GmbH;ZentralOP
1026221;PFC SIG CVD INL 4MRAD 2,5/8MM 158112008;DePuy Orthopädie GmbH;ZentralOP
1914833;PFC SIG CVD INL 5MRAD 2,5/15MM 158112115;DePuy Orthopädie GmbH;ZentralOP
1915438;PFC SIG CVD INL 5MRAD 5/12,5MM 158115112;DePuy Orthopädie GmbH;ZentralOP
1909031;PFC SIG -INL CVD GR  2,5/12,5 158112012;DePuy Orthopädie GmbH;ZentralOP
1906051;PFC SIG INL CVD GR3 158113010 960351;DePuy Orthopädie GmbH;ZentralOP
1908281;PFC SIG INL CVD GR4 158111008;DePuy Orthopädie GmbH;ZentralOP
1043402;PFC SIG TIB INL CVD GR3 158113008 960350;DePuy Orthopädie GmbH;ZentralOP
1906233;PFC SIG TIB INL KE CVD 2/12,5 158111012;DePuy Orthopädie GmbH;ZentralOP
1908923;PFC SIG TIB-INL CVD GR  2,5/10 158112010;DePuy Orthopädie GmbH;ZentralOP
1043174;PFC SIG TIB-INL CVD GR4 960361 158114010;DePuy Orthopädie GmbH;ZentralOP
1912993;PFC SIG TIB-INL GR5 12,5MM 158115012;DePuy Orthopädie GmbH;ZentralOP
1905856;PFC SIG TIB-INL KE CVD  960353 158113015;DePuy Orthopädie GmbH;ZentralOP
1037579;PFC SIG TIB-INL KE CVD 4/12,5 158114012;DePuy Orthopädie GmbH;ZentralOP
1041392;PFC SIGMA  FEM KE ZEM 71/65 GR4  960004;DePuy Orthopädie GmbH;ZentralOP
1046267;PFC SIGMA CVD INL GR5/8  158115008***;DePuy Orthopädie GmbH;ZentralOP
1906120;PFC SIGMA FEMUR KE ZEM 60/56GR2 L 960002;DePuy Orthopädie GmbH;ZentralOP
1034516;PFC SIGMA FEMUR KE ZEM 66/61GR3  960013;DePuy Orthopädie GmbH;ZentralOP
1907316;PFC SIGMA FEMUR KE ZEM 73/69GR5 L 960005;DePuy Orthopädie GmbH;ZentralOP
1905824;PFC SIGMA FEMUR KE ZEM GR3 LI  960003;DePuy Orthopädie GmbH;ZentralOP
1902472;PFC SIGMA FEMUR KE ZEM GR4   960014;DePuy Orthopädie GmbH;ZentralOP
1905842;PFC SIGMA FEMUR KE ZEM GR5   960015;DePuy Orthopädie GmbH;ZentralOP
1039306;PFC SIGMA -INL  CVD GR4 158114008;DePuy Orthopädie GmbH;ZentralOP
1906402;PFC SIGMA INLCVD GR5/10 158115010/960371;DePuy Orthopädie GmbH;ZentralOP
1906758;PFC SIGMA TIB NLKECVD GR3 12,5 158113012;DePuy Orthopädie GmbH;ZentralOP
1905776;PFC TIBIA-KOMP.UNIV.ZEM  GR.3  866023;DePuy Orthopädie GmbH;ZentralOP
1905800;PFC TIBIA-KOMP.UNIV.ZEM  GR.4  866024;DePuy Orthopädie GmbH;ZentralOP
1906012;PFC TIBIA-KOMP.UNIV.ZEMTIERT GR 2 866022;DePuy Orthopädie GmbH;ZentralOP
1033359;PFC TIB-KOMP UNI ZEM  GR.5 866025;DePuy Orthopädie GmbH;ZentralOP
1911404;PINNAC.SPIRO.CERAMAX INL.36/58 121881758;DePuy Orthopädie GmbH;ZentralOP
1911402;PINNAC.SPIRO.CERAMAX INL.36/60 121881760;DePuy Orthopädie GmbH;ZentralOP
1917651;PINNAC.SPIRO.CERAMAX INL.36/62 121881762;DePuy Orthopädie GmbH;ZentralOP
1911049;PINNAC/SPIR INL MARATH. 32/52 121932252;DePuy Orthopädie GmbH;ZentralOP
1912114;PINNAC/SPIR INL MARATH. 32/54 121932254;DePuy Orthopädie GmbH;ZentralOP
1910697;PINNAC/SPIR INL MARATH. 32/56 121932256;DePuy Orthopädie GmbH;ZentralOP
1912502;PINNAC/SPIR INL MARATH. 32/58 121932258;DePuy Orthopädie GmbH;ZentralOP
1912876;PINNAC/SPIR INL MARATH.32/50+4 121932150;DePuy Orthopädie GmbH;ZentralOP
1913681;PINNAC/SPIR INL MARATH.36/56+4 121936156;DePuy Orthopädie GmbH;ZentralOP
1911627;PINNAC/SPIR INLAY LIP MAR32/60 121932260;DePuy Orthopädie GmbH;ZentralOP
1907663;PINNAC/SPIRINLAY LIP MAR.28/48 121928248;DePuy Orthopädie GmbH;ZentralOP
1910963;PINNACLE 100 PFANNE GR. 48 121701048;DePuy Orthopädie GmbH;ZentralOP
1910931;PINNACLE 100 PFANNE GR. 50 121701050;DePuy Orthopädie GmbH;ZentralOP
1911051;PINNACLE 100 PFANNE GR. 52 121701052;DePuy Orthopädie GmbH;ZentralOP
1911141;PINNACLE 100 PFANNE GR. 54 121701054;DePuy Orthopädie GmbH;ZentralOP
1910964;PINNACLE 100 PFANNE GR. 56 121701056;DePuy Orthopädie GmbH;ZentralOP
1914371;PINNACLE 100 PFANNE GR. 58 121701058;DePuy Orthopädie GmbH;ZentralOP
1911641;PINNACLE 100 PFANNE GR. 60 121701060;DePuy Orthopädie GmbH;ZentralOP
1911637;PINNACLE 100 PFANNE GR. 62 121701062;DePuy Orthopädie GmbH;ZentralOP
1918351;PREMIA SP FUSION ROD 6,0/50MM  83196;Premia Spine GmbH;ZentralOP
1918224;PREMIA SP PEDIK.SCHR. 6,5/50  00043;Premia Spine GmbH;ZentralOP
1918409;PREMIA SP PEDIK.SCHR. 6,5/55  00044;Premia Spine GmbH;ZentralOP
1918346;PREMIA SP TOPS 21 M  85858;Premia Spine GmbH;ZentralOP
1918223;PREMIA SP TOPS 30 M  85859;Premia Spine GmbH;ZentralOP
1918408;PREMIA SP TOPS 38 L  82645;Premia Spine GmbH;ZentralOP
1918349;PREMIA SP V.LINK RING NUT  82583;Premia Spine GmbH;ZentralOP
1918350;PREMIA SP V.LINK RING SET SCREW  82582;Premia Spine GmbH;ZentralOP
1918348;PREMIA SP V.LINK ROD ANT 15°/40  82877;Premia Spine GmbH;ZentralOP
1918347;PREMIA SP V.LINK ROD NO 15°/40  82873;Premia Spine GmbH;ZentralOP
1918240;PROBEHÜFTKOPF 12/14  D.28/+8,5 253083000;Johnson & Johnson Medical GmbH;ZentralOP
1917359;PROBE-MAMMAIMPL  TMS 320GR  20735-320M;POLYTECH Health & Aesthetics GmbH;GynOP
1907534;PROBE-MAMMAIMPL THS HIGH 20736-350M;POLYTECH Health & Aesthetics GmbH;GynOP
1003697;PROBE-MAMMAIMPL THS HIGH 20736-445M;POLYTECH Health & Aesthetics GmbH;GynOP
1907535;PROBE-MAMMAIMPL THS HIGH 20736-550M;POLYTECH Health & Aesthetics GmbH;GynOP
1916637;PROBE-MAMMAIMPL TMS  280GR  20735-280M;POLYTECH Health & Aesthetics GmbH;GynOP
1916636;PROBE-MAMMAIMPL TMS 220GR  20735-220M;POLYTECH Health & Aesthetics GmbH;GynOP
1907533;PROBE-MAMMAIMPL TMS MOD 20735-170M;POLYTECH Health & Aesthetics GmbH;ZentralOP
1611522;PROBE-MAMMAIMPL TMS MOD 20735-350M;POLYTECH Health & Aesthetics GmbH;GynOP
1906675;PROBE-MAMMAIMPL TMS MOD 20735-435M;POLYTECH Health & Aesthetics GmbH;GynOP
1907480;PROBE-MAMMAIMPL TMS MOD 20735-530M;POLYTECH Health & Aesthetics GmbH;GynOP
1917883;PROBE-MAMMAIMPL TMS MOD 20745-145M;POLYTECH Health & Aesthetics GmbH;GynOP
1026382;PROBE-MAMMAIMPL TMS MOD 20745-185M;POLYTECH Health & Aesthetics GmbH;GynOP
1907539;PROBE-MAMMAIMPL TMS MOD 20745-235M;POLYTECH Health & Aesthetics GmbH;GynOP
1003024;PROBE-MAMMAIMPL TMS MOD 20745-295M;POLYTECH Health & Aesthetics GmbH;GynOP
1907541;PROBE-MAMMAIMPL TMS MOD 20745-365M;POLYTECH Health & Aesthetics GmbH;GynOP
1611084;PROBE-MAMMAIMPL TMS MOD 20745-445M;POLYTECH Health & Aesthetics GmbH;GynOP
1917141;PROBE-MAMMAIMPLANT THS 275ML 20736-275M;POLYTECH Health & Aesthetics GmbH;GynOP
1610862;PROBE-MAMMAIMPLANTAT 200GR 20635-200M;POLYTECH Health & Aesthetics GmbH;GynOP
1907481;PROBE-MAMMAIMPLANTAT 270ML 20644270M;POLYTECH Health & Aesthetics GmbH;GynOP
1911454;PROBE-MAMMAIMPLANTAT 320GR  20635-320M;POLYTECH Health & Aesthetics GmbH;GynOP
1906108;PROTASUL MÜLLER GER. ZEM GR15 350039150;Zimmer Germany GmbH;ZentralOP
1918353;PROTASUL STECKKOPF S-30 28 GR.M 302806;Zimmer Germany GmbH;ZentralOP
1918366;PROTASUL STECKKOPF S-30 32 GR.M 303206;Zimmer Germany GmbH;ZentralOP
1917752;PROTHESENKOPF  B  28/EXTRAL 12882804;Link Waldemar GmbH & Co.;ZentralOP
1918199;PROTHESENKOPF  B  28/KURZ  12882801;Link Waldemar GmbH & Co.;ZentralOP
1917514;PROTHESENKOPF  B  28/MITTEL 12882802;Link Waldemar GmbH & Co.;ZentralOP
1917967;PROTHESENKOPF B 32.LANG 128832/03;Link Waldemar GmbH & Co.;ZentralOP
1917584;PROTHESENSCHAFT 14X140 ZF 60914-01;BREHM PETER;ZentralOP
1906196;PTCA STENT 2,50X12 LIBERTÈ 389381225;Boston Scientific Medizintechnik Gm;Kardiologie
1914385;PTCA STENT 2,50X24 LIBERTÈ 389382425;Boston Scientific Medizintechnik Gm;Kardiologie
1905343;PTCA STENT 2,75X16 LIBERT H7493893816270;Boston Scientific Medizintechnik Gm;Kardiologie
1917477;PTCA STENT 3,00X12 LIBERTÈH7493893812300;Boston Scientific Medizintechnik Gm;Kardiologie
1905344;PTCA STENT 3,00X16 LIBERTÈ  389381630;Boston Scientific Medizintechnik Gm;Kardiologie
1905465;PTCA STENT 3,00X20 LIBERTÈ 38938-2030;Boston Scientific Medizintechnik Gm;Kardiologie
1905951;PTCA STENT 3,00X28 LIBERTÈ H749389382830;Boston Scientific Medizintechnik Gm;Kardiologie
1905345;PTCA STENT 3,50X16 LIBERTÈ  389381635;Boston Scientific Medizintechnik Gm;Kardiologie
1905347;PTCA STENT 3,50X20 LIBERTÈ  389382035;Boston Scientific Medizintechnik Gm;Kardiologie
1906235;PTCA STENT 3,50X28 LIBERTÈ 7493893828350;Boston Scientific Medizintechnik Gm;Kardiologie
1905915;PTCA STENT 4,00X16 LIBERTÈ  389381640;Boston Scientific Medizintechnik Gm;Kardiologie
1904503;PTCA STENT 4,00X20 LIBERTÈ 38938-2040;Boston Scientific Medizintechnik Gm;Kardiologie
1906337;PTCA STENT 4,0X24 LIBERTÈ H7493893824400;Boston Scientific Medizintechnik Gm;Kardiologie
1905595;PTCA STENT 4,50X12 LIBERTÈ 38938-1245;Boston Scientific Medizintechnik Gm;Kardiologie
1905678;PTCA STENT 4,50X16 LIBERTÈ 38938-1645;Boston Scientific Medizintechnik Gm;Kardiologie
1905597;PTCA STENT 4,50X20 LIBERTÈ H749389382045;Boston Scientific Medizintechnik Gm;Kardiologie
1905596;PTCA STENT 5,00X12 LIBERTÈ 38938-1250;Boston Scientific Medizintechnik Gm;Kardiologie
1905679;PTCA STENT 5,00X16 LIBERTÈ 38938-1650;Boston Scientific Medizintechnik Gm;Kardiologie
1905485;PTCA STENT 5,00X20 LIBERTÈ 38938-2050;Boston Scientific Medizintechnik Gm;Kardiologie
1904525;PTCA STENT LIB. 2,25X12 H7493893812220;Boston Scientific Medizintechnik Gm;Kardiologie
1909756;PTCA STENT SKYLOR VM  SKL030010002;KRAUTH GmbH Cardio-Vascular;Kardiologie
1917511;REZESSRING F. SCHAFT 18 H10  15850266;Link Waldemar GmbH & Co.;ZentralOP
1918406;ROTATIONS-KNIEPROTH. 15-2617/05;Link Waldemar GmbH & Co.;ZentralOP
1917889;ROTATIONS-KNIEPROTH. 15-2617/10;Link Waldemar GmbH & Co.;ZentralOP
1034349;SBG SCHAFT ZF LI GR.3 FACELIFT 75001114;Smith & Nephew GmbH;ZentralOP
1914254;SBG SCHAFT ZF RE GR.1 FACELIFT 75001082;Smith & Nephew GmbH;ZentralOP
1916820;SBG SCHAFT ZF.RE GR.03 0061142/75001078;Smith & Nephew GmbH;ZentralOP
1915555;SBG SCHAFT ZF.RE GR.04 FACELIFT 75001092;Smith & Nephew GmbH;ZentralOP
1913333;SBG-SCH.ZF LI GR2 FACEL0061167T/75001112;Smith & Nephew GmbH;ZentralOP
1915725;SBG-SCH.ZF RE GR.02 FACEL. 75001080;Smith & Nephew GmbH;ZentralOP
1915207;SBG-SCH.ZF RE GR2 FACEL. 75001088;Smith & Nephew GmbH;ZentralOP
1907232;SBG-SCHAFT ZF  LI  GR.4 75001116(61169T);Smith & Nephew GmbH;ZentralOP
1906255;SBG-SCHAFT ZF LI  GR.3 0061162/75001102;Smith & Nephew GmbH;ZentralOP
1008418;SBG-SCHAFT ZF LI GR. 5 (0061170)75001118;Smith & Nephew GmbH;ZentralOP
1912938;SBG-SCHAFT ZF RE GR. 0 0061145/75001084;Smith & Nephew GmbH;ZentralOP
1912797;SBG-SCHAFT ZF RE GR. 1 0061146T/75001086;Smith & Nephew GmbH;ZentralOP
1913722;SBG-SCHAFT ZF RE GR. 5 0061150T/75001094;Smith & Nephew GmbH;ZentralOP
1907594;SBG-SCHAFT ZF RE GR.3 FACELIFT 75001090;Smith & Nephew GmbH;ZentralOP
1913216;SBG-SCHAFT ZF.LI GR. 1/0061166/75001110;Smith & Nephew GmbH;ZentralOP
1903877;SCHRAUBE M6 F. GR KURZ 60901-04;BREHM PETER;ZentralOP
1917582;SCHRAUBE M6 F. LANG ZEMFREI 60901-07;BREHM PETER;ZentralOP
1018684;SEGMENTRING 32/54-64MM 32SR5464;CHIROPRO GmbH;ZentralOP
1916196;SIG FEM KE 63M/L 59A/P 2,5RE ZEM. 960018;DePuy Orthopädie GmbH;ZentralOP
1047295;SIG FEMUR KE GR2,5 LI ZEM 63/59 960008;DePuy Orthopädie GmbH;ZentralOP
1908922;SIG TIB-KOMP.UNIV ZEM GR2,5 67/45 866029;DePuy Orthopädie GmbH;ZentralOP
1915034;SIG.TIB.60/M/L56 A/P2 LI KE ZEM158120000;DePuy Orthopädie GmbH;ZentralOP
1043709;SIGMA TIB-INL.CU./5/15MM/15811501(960373;DePuy Orthopädie GmbH;ZentralOP
1909412;SIPHONGUARD  82-3090;Johnson & Johnson Medical GmbH;ZentralOP
1918324;SPII HÜFTPROTHESENSYSTEM 127-913/26;Link Waldemar GmbH & Co.;ZentralOP
1917757;SPII HÜFTPROTHESENSYSTEM 127-917/26;Link Waldemar GmbH & Co.;ZentralOP
1918202;SPII HÜFTPROTHESENSYSTEM 127-932/26;Link Waldemar GmbH & Co.;ZentralOP
1004472;SPII MOD.SCHAFT LANG 126CCD  12793126;Link Waldemar GmbH & Co.;ZentralOP
1906467;SPONGIOSASCHRAUBE  6.5 X35  51165-35;BREHM PETER;ZentralOP
1918442;SPREIZER M 37X27 18MM 12 DEG 7968218INT;Medtronic GmbH;ZentralOP
1917741;ST ABSORB BIORES. 2,5X12MM  1012462-12;Abbott Vascular Deutschland GmbH;Kardiologie
1917759;ST ABSORB BIORES. 2,5X18MM  1012462-18;Abbott Vascular Deutschland GmbH;Kardiologie
1917740;ST ABSORB BIORES. 2,5X28MM  1012462-28;Abbott Vascular Deutschland GmbH;Kardiologie
1917904;ST ABSORB BIORES. 3,0X12MM  1012463-12;Abbott Vascular Deutschland GmbH;Kardiologie
1917739;ST ABSORB BIORES. 3,0X18MM  1012463-18;Abbott Vascular Deutschland GmbH;Kardiologie
1918280;ST ABSORB BIORES. 3,0X23MM  1012463-23;Abbott Vascular Deutschland GmbH;Kardiologie
1917760;ST ABSORB BIORES. 3,0X28MM  1012463-28;Abbott Vascular Deutschland GmbH;Kardiologie
1917762;ST ABSORB BIORES. 3,5X12MM  1012464-12;Abbott Vascular Deutschland GmbH;Kardiologie
1917761;ST ABSORB BIORES. 3,5X18MM  1012464-18;Abbott Vascular Deutschland GmbH;Kardiologie
1917828;ST ABSORB BIORES. 3,5X28MM  1012464-28;Abbott Vascular Deutschland GmbH;Kardiologie
1915633;ST ADVANTA V12 PTFE 08/59MM/80  85327;Aimecs GmbH;GefäßOP
1916631;ST ADVANTA V12 PTFE 16/61MM/80  85378;Aimecs GmbH;GefäßOP
1916667;ST BACT VIABAHN 10X100MM/120/PAH101002;GORE & ASSOCIATES GmbH;GefäßOP
1917416;ST BACT VIABAHN 7X100MM/120/PAJ071002;GORE & ASSOCIATES GmbH;Radiologie
1917415;ST BACT VIABAHN 8X50/120/PAJ080502;GORE & ASSOCIATES GmbH;Radiologie
1917706;ST DES COROFLEX ISAR 2,0X13/14 5028710;Braun B. Melsungen AG;Kardiologie
1917707;ST DES COROFLEX ISAR 2,0X16    5028720;Braun B. Melsungen AG;Kardiologie
1917708;ST DES COROFLEX ISAR 2,0X19  5028730;Braun B. Melsungen AG;Kardiologie
1917709;ST DES COROFLEX ISAR 2,0X24  5028740;Braun B. Melsungen AG;Kardiologie
1917705;ST DES COROFLEX ISAR 2,0X8/9  5028700;Braun B. Melsungen AG;Kardiologie
1917711;ST DES COROFLEX ISAR 2,25X13/14 5028711;Braun B. Melsungen AG;Kardiologie
1917712;ST DES COROFLEX ISAR 2,25X16  5028721;Braun B. Melsungen AG;Kardiologie
1917713;ST DES COROFLEX ISAR 2,25X19  5028731;Braun B. Melsungen AG;Kardiologie
1917714;ST DES COROFLEX ISAR 2,25X24  5028741;Braun B. Melsungen AG;Kardiologie
1917710;ST DES COROFLEX ISAR 2,25X8/9 5028701;Braun B. Melsungen AG;Kardiologie
1917716;ST DES COROFLEX ISAR 2,5X13/14  5028712;Braun B. Melsungen AG;Kardiologie
1917717;ST DES COROFLEX ISAR 2,5X16  5028722;Braun B. Melsungen AG;Kardiologie
1917718;ST DES COROFLEX ISAR 2,5X19  5028732;Braun B. Melsungen AG;Kardiologie
1917719;ST DES COROFLEX ISAR 2,5X24  5028742;Braun B. Melsungen AG;Kardiologie
1917715;ST DES COROFLEX ISAR 2,5X8/9 5028702;Braun B. Melsungen AG;Kardiologie
1917994;ST DRIVER SPRINT 4,5/09MM DRSP45009X;Medtronic GmbH;Kardiologie
1911835;ST E-LUMINEXX  7/40/80VAS.ST.ZVM07040;Bard C.R. GmbH;GefäßOP
1911839;ST E-LUMINEXX 09/40/80VAS.ST.ZVM09040;Bard C.R. GmbH;GefäßOP
1914019;ST EPIC 07X40/75/H74939054074070;Boston Scientific Medizintechnik Gm;Radiologie
1917748;ST EPIC 07X60/75/H74939054076070;Boston Scientific Medizintechnik Gm;Radiologie
1914018;ST EPIC 07X80/75/H74939054078070;Boston Scientific Medizintechnik Gm;Radiologie
1915004;ST EPIC 10X30/75/H74939054103070;Boston Scientific Medizintechnik Gm;Radiologie
1912774;ST EPIC 10X40/75/H74939054104070;Boston Scientific Medizintechnik Gm;Radiologie
1913531;ST EPIC 12X60/75/H74939054126070;Boston Scientific Medizintechnik Gm;Radiologie
1913532;ST EPIC 14X40/75/H74939054144070;Boston Scientific Medizintechnik Gm;Radiologie
1912642;ST EPIC 8X40/75/H74939054084070;Boston Scientific Medizintechnik Gm;Radiologie
1912643;ST EPIC 8X60/75/H74939054086070;Boston Scientific Medizintechnik Gm;Radiologie
1912770;ST EPIC 9X40/75/H74939054094070;Boston Scientific Medizintechnik Gm;Radiologie
1912771;ST EPIC 9X60/75/H74939054096070;Boston Scientific Medizintechnik Gm;Radiologie
1904609;ST ExpLD 10x25/75/H74938162102070;Boston Scientific Medizintechnik Gm;Radiologie
1904615;ST ExpLD 10x37/75/H74938162104070;Boston Scientific Medizintechnik Gm;Radiologie
1911555;ST ExpLD 7x27/75/H74938162730750;Boston Scientific Medizintechnik Gm;Radiologie
1906217;ST ExpLD 8x37/75/H74938162840750;Boston Scientific Medizintechnik Gm;Radiologie
1904613;ST ExpLD 9x25/75/H74938162920750;Boston Scientific Medizintechnik Gm;Radiologie
1904568;ST ExpLD 9x37/75/H74938162940750;Boston Scientific Medizintechnik Gm;Radiologie
1908102;ST ExpSD 5x19/150/H74937918519150;Boston Scientific Medizintechnik Gm;Radiologie
1904788;ST ExpSD 6x18/90/H7493791861890;Boston Scientific Medizintechnik Gm;Radiologie
1911186;ST ExpSD 7x19/90/H7493791871990;Boston Scientific Medizintechnik Gm;Radiologie
1911125;ST FLUENCY 10X40/117/FVL10040;Bard C.R. GmbH;Radiologie
1917570;ST FLUENCY 10X40/80/FVM10040;Bard C.R. GmbH;Radiologie
1913155;ST Fluency 10x60/80/FVM10060;Bard C.R. GmbH;Radiologie
1916678;ST Fluency 12x40/80/FVM12040;Bard C.R. GmbH;Radiologie
1913219;ST Fluency 12x80/80/FVM12080;Bard C.R. GmbH;Radiologie
1917572;ST FLUENCY 8X40/80/FVM08040;Bard C.R. GmbH;Radiologie
1917573;ST FLUENCY 9X40/80/FVM09040;Bard C.R. GmbH;Radiologie
1911392;ST Life 6x100/130/EX061003C;Bard C.R. GmbH;Radiologie
1910123;ST Life 6x100/80/EX061001C;Bard C.R. GmbH;Radiologie
1910170;ST Life 6x120/80/EX061201C;Bard C.R. GmbH;Radiologie
1913196;ST Life 6x150/80/EX061501C;Bard C.R. GmbH;Radiologie
1910264;ST Life 6x30/80/EX060301C;Bard C.R. GmbH;Radiologie
1910554;ST Life 6x40/130/EX060403C;Bard C.R. GmbH;Radiologie
1910120;ST Life 6x40/80/EX060401C;Bard C.R. GmbH;Radiologie
1910265;ST Life 6x60/130/EX060603C;Bard C.R. GmbH;Radiologie
1910121;ST Life 6x60/80/EX060601C;Bard C.R. GmbH;Radiologie
1910122;ST LIFE 6X80/80/EX060801C;Bard C.R. GmbH;Radiologie
1911316;ST Life 7x40/80/EX070401C;Bard C.R. GmbH;Radiologie
1911317;ST Life 7x60/80/EX070601C;Bard C.R. GmbH;Radiologie
1911318;ST Life 7x80/80/EX070801C;Bard C.R. GmbH;Radiologie
1917519;ST LIFE VASCULAR 05X40/80 EX050401C;Bard C.R. GmbH;Radiologie
1917522;ST LIFE VASCULAR 8X60/80 EX080601C;Bard C.R. GmbH;Radiologie
1911841;ST Luminexx 10x60/80/ZVM10060;Bard C.R. GmbH;Radiologie
1909912;ST LUMINEXX 12X40/80/ZVM12040;Bard C.R. GmbH;Radiologie
1911578;ST Luminexx 8x30/80/ZVM08030;Bard C.R. GmbH;Radiologie
1911837;ST Luminexx 8x40/80/ZVM08040;Bard C.R. GmbH;Radiologie
1910192;ST LUMINEXX 8X80/80/ZVM08080;Bard C.R. GmbH;Radiologie
1916477;ST PROMUS EL PL 3,50/20  H74939227352010;Boston Scientific Medizintechnik Gm;Radiologie
1916479;ST PROMUS EL PL 4,00/38  H74939227403810;Boston Scientific Medizintechnik Gm;Radiologie
1915214;ST PULSAR 5X30/070 349268;Biotronik Vertriebs GmbH & Co. KG;Radiologie
1917320;ST PULSAR 5X40/070 349269;Biotronik Vertriebs GmbH & Co. KG;Radiologie
1914030;ST PULSAR 6X40/070/349277;Biotronik Vertriebs GmbH & Co. KG;Radiologie
1914442;ST PULSAR 6X60/070/349278;Biotronik Vertriebs GmbH & Co. KG;Radiologie
1914443;ST PULSAR 6X80/070/358943;Biotronik Vertriebs GmbH & Co. KG;Radiologie
1915153;ST SINUS-035 6X30/75/6106-6030;OptiMed GmbH;Radiologie
1910469;ST Sinus-035 6x40/75/6106-6040;OptiMed GmbH;Radiologie
1910691;ST Sinus-035 6x80/75/6106-6080;OptiMed GmbH;Radiologie
1910692;ST Sinus-035 7x60/75/6107-6060;OptiMed GmbH;Radiologie
1917581;ST XIENCE PRO X  2,25X12MM  1076225-12;Abbott Vascular Deutschland GmbH;Kardiologie
1917579;ST XIENCE PRO X  2,25X15MM  1076225-15;Abbott Vascular Deutschland GmbH;Kardiologie
1917848;ST XIENCE PRO X  2,25X18MM  1076225-18;Abbott Vascular Deutschland GmbH;Kardiologie
1917580;ST XIENCE PRO X  2,25X23MM  1076225-23;Abbott Vascular Deutschland GmbH;Kardiologie
1917931;ST XIENCE PRO X  2,25X8MM  1076225-08;Abbott Vascular Deutschland GmbH;Kardiologie
1917636;ST XIENCE PRO X  2,5 X 8MM  1076250-08;Abbott Vascular Deutschland GmbH;Kardiologie
1917578;ST XIENCE PRO X  2,75X12MM  1076275-12;Abbott Vascular Deutschland GmbH;Kardiologie
1917732;ST XIENCE PRO X  2,75X18MM  1076275-18;Abbott Vascular Deutschland GmbH;Kardiologie
1917571;ST XIENCE PRO X  2,75X23MM  1076275-23;Abbott Vascular Deutschland GmbH;Kardiologie
1917972;ST XIENCE PRO X  2,75X28MM  1076275-28;Abbott Vascular Deutschland GmbH;Kardiologie
1917888;ST XIENCE PRO X  2,75X33MM  1076275-33;Abbott Vascular Deutschland GmbH;Kardiologie
1918196;ST XIENCE PRO X  2,75X38MM  1076275-38;Abbott Vascular Deutschland GmbH;Kardiologie
1917668;ST XIENCE PRO X  2,75X8MM  1076275-08;Abbott Vascular Deutschland GmbH;Kardiologie
1917561;ST XIENCE PRO X  3,0 X 18MM  1076300-18;Abbott Vascular Deutschland GmbH;Kardiologie
1917881;ST XIENCE PRO X  3,0 X 28MM  1076300-28;Abbott Vascular Deutschland GmbH;Kardiologie
1917893;ST XIENCE PRO X  3,0 X 33MM  1076300-33;Abbott Vascular Deutschland GmbH;Kardiologie
1917735;ST XIENCE PRO X  3,0 X 38MM  1076300-38;Abbott Vascular Deutschland GmbH;Kardiologie
1917560;ST XIENCE PRO X  3X12MM  1076300-12;Abbott Vascular Deutschland GmbH;Kardiologie
1917637;ST XIENCE PRO X  4,0 X 12MM  1076400-12;Abbott Vascular Deutschland GmbH;Kardiologie
1917953;ST XIENCE PRO X  4,0 X 15MM  1076400-15;Abbott Vascular Deutschland GmbH;Kardiologie
1917858;ST XIENCE PRO X  4,0 X 23MM  1076400-23;Abbott Vascular Deutschland GmbH;Kardiologie
1917827;ST XIENCE PRO X  4,0 X 8MM  1076400-08;Abbott Vascular Deutschland GmbH;Kardiologie
1917811;ST XIENCE PRO X  4,0 X23MM  1017400-23;Abbott Vascular Deutschland GmbH;Kardiologie
1917591;ST XIENCE PRO X 2,5/12MM  1076250-12;Abbott Vascular Deutschland GmbH;Kardiologie
1917863;ST XIENCE PRO X 2,5/15MM  1076250-15;Abbott Vascular Deutschland GmbH;Kardiologie
1918088;ST XIENCE PRO X 2,5/23MM  1076250-23;Abbott Vascular Deutschland GmbH;Kardiologie
1917960;ST XIENCE PRO X 2,5/28MM  1076250-28;Abbott Vascular Deutschland GmbH;Kardiologie
1917659;ST XIENCE PRO X 2,5/33MM  1076250-33;Abbott Vascular Deutschland GmbH;Kardiologie
1917721;ST XIENCE PRO X 2,5/38MM  1076250-38;Abbott Vascular Deutschland GmbH;Kardiologie
1917649;ST XIENCE PRO X 2,75/15MM  1076275-15;Abbott Vascular Deutschland GmbH;Kardiologie
1917624;ST XIENCE PRO X 3,0/23MM  1076300-23;Abbott Vascular Deutschland GmbH;Kardiologie
1917592;ST XIENCE PRO X 3,0/8MM  1076300-08;Abbott Vascular Deutschland GmbH;Kardiologie
1917559;ST XIENCE PRO X 3,00/15MM  1076300-15;Abbott Vascular Deutschland GmbH;Kardiologie
1917590;ST XIENCE PRO X 3,5/12MM  1076350-12;Abbott Vascular Deutschland GmbH;Kardiologie
1917562;ST XIENCE PRO X 3,5/15MM  1076350-15;Abbott Vascular Deutschland GmbH;Kardiologie
1917945;ST XIENCE PRO X 3,5/18MM  1076350-18;Abbott Vascular Deutschland GmbH;Kardiologie
1917842;ST XIENCE PRO X 3,5/23MM  1076350-23;Abbott Vascular Deutschland GmbH;Kardiologie
1917625;ST XIENCE PRO X 3,5/8MM  1076350-08;Abbott Vascular Deutschland GmbH;Kardiologie
1918399;STECKKOPF COCR  32/GR. +4 L 14320720;Zimmer Germany GmbH;ZentralOP
1611274;STECKKOPF COCR  32/GR.0/M   14320620;Zimmer Germany GmbH;ZentralOP
1043686;STECKKOPF METALL 28 GR.0 M   14280620;Zimmer Germany GmbH;ZentralOP
1909355;STECKKOPF METALL12/14/32MM 136521000;DePuy Orthopädie GmbH;ZentralOP
1911833;STECKKUGSYST 32MM 12/14 TITAN 59034-32;BREHM PETER;ZentralOP
1917899;STENT 2,75X12 LIBERTÈ H7493893812270;Boston Scientific Medizintechnik Gm;Kardiologie
1917901;STENT 3,50X08 LIBERTÈ H749389388350;Boston Scientific Medizintechnik Gm;Kardiologie
1917902;STENT 3,50X12 LIBERTÈ  H7493893812350;Boston Scientific Medizintechnik Gm;Kardiologie
1917654;STENT COROFL.BLUE ULTRA 2,5X14MM 5028819;Braun B. Melsungen AG;Kardiologie
1906204;STENT COROFLEX BLUE 2,5X09MM 5028809;Braun B. Melsungen AG;Kardiologie
1906207;STENT COROFLEX BLUE 2,5X16MM 5025023;Braun B. Melsungen AG;Kardiologie
1906209;STENT COROFLEX BLUE 2,5X19MM 5028839;Braun B. Melsungen AG;Kardiologie
1907017;STENT COROFLEX BLUE 2,75X13MM 5028812;Braun B. Melsungen AG;Kardiologie
1908444;STENT COROFLEX BLUE 2,75X16MM 5028822;Braun B. Melsungen AG;Kardiologie
1907019;STENT COROFLEX BLUE 2,75X25MM 5025044;Braun B. Melsungen AG;Kardiologie
1905790;STENT COROFLEX BLUE 3,0X13MM 5028815;Braun B. Melsungen AG;Kardiologie
1905791;STENT COROFLEX BLUE 3,0X16MM 5025025;Braun B. Melsungen AG;Kardiologie
1906208;STENT COROFLEX BLUE 3,5X16MM 5025027;Braun B. Melsungen AG;Kardiologie
1906210;STENT COROFLEX BLUE 3,5X19MM 5025037;Braun B. Melsungen AG;Kardiologie
1907987;STENT COROFLEX BLUE 3,5X25MM 5025047;Braun B. Melsungen AG;Kardiologie
1907688;STENT COROFLEX BLUE 4,0X19MM 5025038;Braun B. Melsungen AG;Kardiologie
1911185;STENT EXPR.VAS.SD7.0/15MM/H7493791771590;Boston Scientific Medizintechnik Gm;Radiologie
1904594;STENT GENESIS .035 8,0/29 PG2980PPS;Cordis Medizinische Apparate GmbH;GefäßOP
1905325;STENT GENESIS .035 8,0/59 PG5980PPS;Johnson & Johnson Medical GmbH;GefäßOP
1904619;STENT GENESIS .035 9,0/29 PG2990PPS;Johnson & Johnson Medical GmbH;GefäßOP
1904620;STENT GENESIS .035 9,0/39 PG3990PPS;Johnson & Johnson Medical GmbH;GefäßOP
1904621;STENT GENESIS .035 9,0/59 PG5990PPS;Johnson & Johnson Medical GmbH;GefäßOP
1917988;STENT HERCULINK 7,0X15/135 1011540-15;Abbott Vascular Deutschland GmbH;Kardiologie
1916520;STENT INNOVA SFA 6/39/75 H74939180064070;Boston Scientific Medizintechnik Gm;Radiologie
1916559;STENT INNOVA SFA 6/60/75 H74939180066070;Boston Scientific Medizintechnik Gm;Radiologie
1915946;STENT MARIS PLUS 6/80/80 MRP060080080;Medtronic GmbH;Radiologie
1917161;STENT PK PAPYRUS COVERED 2,5/15 369380;Biotronik Vertriebs GmbH & Co. KG;Kardiologie
1917162;STENT PK PAPYRUS COVERED 2,5/15 369382;Biotronik Vertriebs GmbH & Co. KG;Kardiologie
1918106;STENT PTA DYNAMIC 7X25/ 80CM 350116;Biotronik Vertriebs GmbH & Co. KG;Radiologie
1917685;STENT PTA DYNAMIC 8X25/80CM  350117;Biotronik Vertriebs GmbH & Co. KG;Radiologie
1917525;STENT PTA DYNAMIC 8X38/130CM 350143;Biotronik Vertriebs GmbH & Co. KG;Radiologie
1917049;STENT PTA DYNAMIC 8X38/80CM  350123;Biotronik Vertriebs GmbH & Co. KG;Radiologie
1917010;STENT PTA DYNAMIC 8X56/80CM  350129;Biotronik Vertriebs GmbH & Co. KG;Radiologie
1917196;STENT PTA DYNAMIC 9X25/80CM  350118;Biotronik Vertriebs GmbH & Co. KG;Radiologie
1916857;STENT PTA DYNAMIC 9X38/80CM  350124;Biotronik Vertriebs GmbH & Co. KG;Radiologie
1916858;STENT PTA DYNAMIC 9X56/80CM  350130;Biotronik Vertriebs GmbH & Co. KG;Radiologie
1918075;STENT PTA RADIX2 ICRW6012S    00060121;endoscout GmbH;Kardiologie
1904562;STENT SDS GENESIS .035 7,0/29 PG2970PPS;Cordis Medizinische Apparate GmbH;GefäßOP
1904564;STENT SDS GENESIS 80CM 7,0/59 PG5970PPS;Cordis Medizinische Apparate GmbH;GefäßOP
1904563;STENT SDS GENESIS 80CM 8,0/39 PG3980PPS;Johnson & Johnson Medical GmbH;GefäßOP
1914842;STENT XIENCE PRO  2,25/23MM  1017225-23;Abbott Vascular Deutschland GmbH;Kardiologie
1914641;STENT XIENCE PRO  2,25/8MM  1017225-08;Abbott Vascular Deutschland GmbH;Kardiologie
1904925;STENT XIENCE PRO  2,50/23MM 1017250-23;Abbott Vascular Deutschland GmbH;Kardiologie
1914529;STENT XIENCE PRO  2,50X12MM  1017250-12;Abbott Vascular Deutschland GmbH;Kardiologie
1914581;STENT XIENCE PRO  2,5X08MM  1017250-08;Abbott Vascular Deutschland GmbH;Kardiologie
1914322;STENT XIENCE PRO  2,75X18MM  1017275-18;Abbott Vascular Deutschland GmbH;Kardiologie
1914459;STENT XIENCE PRO  2,75X23MM  1017275-23;Abbott Vascular Deutschland GmbH;Kardiologie
1915144;STENT XIENCE PRO  2,75X28MM  1017275-28;Abbott Vascular Deutschland GmbH;Kardiologie
1914577;STENT XIENCE PRO  2,75X8MM  1017275-08;Abbott Vascular Deutschland GmbH;Kardiologie
1908522;STENT XIENCE PRO  3,0 X 18MM  1017300-18;Abbott Vascular Deutschland GmbH;Kardiologie
1914772;STENT XIENCE PRO  3X12MM  1017300-12;Abbott Vascular Deutschland GmbH;Kardiologie
1915069;STENT XIENCE PRO  3X28MM  1017300-28;Abbott Vascular Deutschland GmbH;Kardiologie
1915032;STENT XIENCE PRO  3X8MM  1017300-08;Abbott Vascular Deutschland GmbH;Kardiologie
1914823;STENT XIENCE PRO 2,25/12MM  1017225-12;Abbott Vascular Deutschland GmbH;Kardiologie
1914824;STENT XIENCE PRO 2,25/15MM  1017225-15;Abbott Vascular Deutschland GmbH;Kardiologie
1914926;STENT XIENCE PRO 2,25/18MM  1017225-18;Abbott Vascular Deutschland GmbH;Kardiologie
1904827;STENT XIENCE PRO 2,50/15MM 1017250-15;Abbott Vascular Deutschland GmbH;Kardiologie
1915102;STENT XIENCE PRO 2,50/18MM 1017250-18;Abbott Vascular Deutschland GmbH;Kardiologie
1914643;STENT XIENCE PRO 2,50/28MM 1017250-28;Abbott Vascular Deutschland GmbH;Kardiologie
1904922;STENT XIENCE PRO 2,75/12MM  1017275-12;Abbott Vascular Deutschland GmbH;Kardiologie
1914564;STENT XIENCE PRO 2,75X15MM  1017275-15;Abbott Vascular Deutschland GmbH;Kardiologie
1904869;STENT XIENCE PRO 3,00/15MM  1017300-15;Abbott Vascular Deutschland GmbH;Kardiologie
1914563;STENT XIENCE PRO 3,00/23MM  1017300-23;Abbott Vascular Deutschland GmbH;Kardiologie
1914640;STENT XIENCE PRO 3,5/08MM  1017350-08;Abbott Vascular Deutschland GmbH;Kardiologie
1914797;STENT XIENCE PRO 3,5/12MM  1017350-12;Abbott Vascular Deutschland GmbH;Kardiologie
1915257;STENT XIENCE PRO 3,5/15MM  1017350-15;Abbott Vascular Deutschland GmbH;Kardiologie
1915157;STENT XIENCE PRO 3,5/18MM  1017350-18;Abbott Vascular Deutschland GmbH;Kardiologie
1914995;STENT XIENCE PRO 3,5/23MM  1017350-23;Abbott Vascular Deutschland GmbH;Kardiologie
1915435;STENT XIENCE PRO 4,0/08MM  1017400-08;Abbott Vascular Deutschland GmbH;Kardiologie
1917626;STENT XIENCE PRO 4,0/12MM  1017400-12;Abbott Vascular Deutschland GmbH;Kardiologie
1915514;STENT XIENCE PRO 4,0/15MM  1017400-15;Abbott Vascular Deutschland GmbH;Kardiologie
1908521;STENT XIENCE PRO X 2,5/18MM 1076250-18;Abbott Vascular Deutschland GmbH;Kardiologie
1916094;STLife7x40/130/EX070403C;Bard C.R. GmbH;Radiologie
1916095;STLife7x80/130/EX070803C;Bard C.R. GmbH;Radiologie
1913153;STPLACEHIT 7F/10X90  H965SCH650750**;Boston Scientific Medizintechnik Gm;Radiologie
1916999;STPlacehit10x50/H965SCH650730;Boston Scientific Medizintechnik Gm;Radiologie
1915421;STSINUS-0356X40/120/6106-7040;OptiMed GmbH;Radiologie
1915422;STSINUS-0356X60/120/6106-7060;OptiMed GmbH;Radiologie
1918060;STSUPERA 6F 4X40/80/ SE040800806F;Abbott Vascular Deutschland GmbH;Radiologie
1916425;STSUPERA 6F 4X60/80/ SE040600806F;Abbott Vascular Deutschland GmbH;Radiologie
1916421;STSUPERA 6F 5X40/80/ SE050400806F;Abbott Vascular Deutschland GmbH;Radiologie
1916527;STSUPERA VERITAS 6F SE-06-080-080-6F;Abbott Vascular Deutschland GmbH;Radiologie
1917465;STSUPERA5X100/120/SE051001206F;Abbott Vascular Deutschland GmbH;Radiologie
1915757;STSUPERA5X60/80/SE050600806F;Abbott Vascular Deutschland GmbH;Radiologie
1916080;STSUPERA6X40/80/SE060400806F;Abbott Vascular Deutschland GmbH;Radiologie
1915758;STSUPERA6X60/80/SE060600806F;Abbott Vascular Deutschland GmbH;Radiologie
1910088;STUETZSCHALE BRCH-SCHN 44 LI 0100191144;Zimmer Germany GmbH;ZentralOP
1905747;STUETZSCHALE BRCH-SCHN 44 RE 0100191244;Zimmer Germany GmbH;ZentralOP
1910242;STUETZSCHALE BRCH-SCHN 50 LI 0100191150;Zimmer Germany GmbH;ZentralOP
1051254;STUETZSCHALE BRCH-SCHN 50 RE  0100191250;Zimmer Germany GmbH;ZentralOP
1911618;STUETZSCHALE BRCH-SCHN 62 RE  0100191262;Zimmer Germany GmbH;ZentralOP
1916558;SULOX-KOPF 28/+3,5 GR.L  12/14  172807;Zimmer Germany GmbH;ZentralOP
1001136;SULOX-KOPF 28/0 GR. M 12/14    172806;Zimmer Germany GmbH;ZentralOP
1615044;SULOX-KOPF 28/-3,5 GR. S 12/14    172805;Zimmer Germany GmbH;ZentralOP
1916314;SULOX-KOPF 32/+3,5 GR.L  12/14  173207;Zimmer Germany GmbH;ZentralOP
1916320;SULOX-KOPF 32/0 GR.M  12/14  173206;Zimmer Germany GmbH;ZentralOP
1051643;SULOX-KOPF 32/-3,5 GR.S 12/14 173205;Zimmer Germany GmbH;ZentralOP
1917410;TIB.UNTERLEGSCHEIBE KLEIN 15-2516/05;Link Waldemar GmbH & Co.;ZentralOP
1917484;TILOOP BRA  BRUST LARGE  6000638;PFM AG;GynOP
1915953;TILOOP BRA  BRUST MEDIUM 6000637;PFM AG;GynOP
1915952;TILOOP BRA  BRUST SMALL 6000636;PFM AG;GynOP
1916731;T-PAL  SMALL H=9MM PEEK 08812009S;DePuy Synthes Geschäftsbereich;ZentralOP
1906738;TRILOC II HÜFTPF ZEM 28/48MM    12848;DePuy Orthopädie GmbH;ZentralOP
1918414;VANCOGENXINTERIMS HÜFTPROTHESE SPV46/G;Merete Medical GmbH;ZentralOP
1917781;VANCOGENXINTERIMS HÜFTPROTHESE SPV54/G;Merete Medical GmbH;ZentralOP
1917274;VANGUARD COMPLETE KNEE 189122;Biomet Deutschland GmbH;ZentralOP
1906139;VEKTOR-PFANNE OF ZEM 48X32X28 5814800;BREHM PETER;ZentralOP
1906081;VEKTOR-PFANNE OF ZEM 52X32X30 5815200;BREHM PETER;ZentralOP
1907953;VEKTOR-PFANNE OF ZEMT 44X32X26 58144-32;BREHM PETER;ZentralOP
1908487;VEKTOR-PFANNE OF ZEMT 46X32X27 58146-32;BREHM PETER;ZentralOP
1902257;VEKTOR-PFANNE ZEM 50X32MM 58150-00;BREHM PETER;ZentralOP
1902356;VEKTOR-PFANNE ZEM 54x32x31  58154-00;BREHM PETER;ZentralOP
1906762;VEKTOR-PROTH 12/14 ZEMFR GR 7  6140700DN;BREHM PETER;ZentralOP
1917585;VERANKERUNGSHÜLSE 16X30 60916-04;BREHM PETER;ZentralOP
1906393;ZENTRIERSTERN KNIE D12MM 15-2975/12;Link Waldemar GmbH & Co.;ZentralOP
1911512;ZENTRIERSTERN KNIE D14MM 15-2975/14;Link Waldemar GmbH & Co.;ZentralOP
1914158;ZENTRIERSTERN KNIE D16MM 15-2975/16;Link Waldemar GmbH & Co.;ZentralOP
1917549;ZUK ART SURF TIB IMPL KIT 00-5842-022-08;Zimmer Germany GmbH;ZentralOP
1917547;ZUK FEMURIMPLANT KIT 00-5842-014-01;Zimmer Germany GmbH;ZentralOP
1917548;ZUK TIBIAL IMPLANT KIT 00-5842-002-01;Zimmer Germany GmbH;ZentralOP